id_cliente,nombre,apellido,mail,celular,genero1,Archibald,Giacopetti,agiacopetti0@craigslist.org,726-414-0718,F2,Delmar,Erangey,derangey1@senate.gov,874-429-2479,M3,Aloise,Perrington,aperrington2@weebly.com,900-885-9312,F4,Jeralee,Lewinton,jlewinton3@clickbank.net,167-429-1473,F5,Giralda,Butler-Bowdon,gbutlerbowdon4@princeton.edu,637-167-6289,M6,Barbara,Yaxley,byaxley5@moonfruit.com,725-945-5695,M7,Jaimie,Silbert,jsilbert6@altervista.org,285-697-9512,M8,Ignace,Doerr,idoerr7@usatoday.com,467-434-7916,M9,Sylvia,Pantridge,spantridge8@icq.com,434-434-0946,M10,Jobey,Gillet,jgillet9@washingtonpost.com,142-818-1316,M11,Hayward,Riccio,hriccioa@opensource.org,946-157-6695,M12,Johnny,Dunnico,jdunnicob@studiopress.com,381-497-3187,M13,Yves,Forsard,yforsardc@japanpost.jp,272-470-0988,M14,Manfred,Forber,mforberd@google.com.br,742-247-7635,F15,Zeb,Basset,zbassete@google.com,455-505-1245,F16,Rosabella,Towner,rtownerf@un.org,368-181-6258,F17,Helyn,Cordsen,hcordseng@domainmarket.com,793-909-9411,M18,Darcy,Glaisner,dglaisnerh@soup.io,901-306-7160,M19,Johnnie,Gasgarth,jgasgarthi@oakley.com,985-702-5438,M20,Stafford,Di Domenico,sdidomenicoj@clickbank.net,539-975-9840,M21,Carling,Hourihane,chourihanek@examiner.com,767-526-7627,M22,Dona,Stickler,dsticklerl@mozilla.org,916-614-9099,F23,Adrienne,Grief,agriefm@skype.com,311-822-5033,M24,Granger,Steffens,gsteffensn@friendfeed.com,871-321-4168,F25,Jori,McCart,jmccarto@mapy.cz,381-475-5588,F26,Petra,Maleney,pmaleneyp@geocities.jp,672-488-1910,F27,Ephrem,Shorbrook,eshorbrookq@booking.com,304-807-1349,M28,Arabelle,Faulconer,afaulconerr@a8.net,940-505-5477,M29,Fenelia,Lindup,flindups@livejournal.com,712-983-2525,F30,Winifred,Rickeard,wrickeardt@liveinternet.ru,583-278-3353,M31,Kriste,Scathard,kscathardu@japanpost.jp,634-538-1778,F32,Amye,Spenton,aspentonv@reuters.com,426-233-8983,F33,Vail,Lynam,vlynamw@cmu.edu,706-716-1968,M34,Angel,Brandsma,abrandsmax@washingtonpost.com,445-118-2109,F35,Boris,Ennals,bennalsy@howstuffworks.com,329-327-8438,F36,Cam,Wyllcocks,cwyllcocksz@admin.ch,389-232-5984,M37,Uri,Aloigi,ualoigi10@ebay.com,761-212-4904,F38,Chico,Petz,cpetz11@webs.com,161-440-6461,F39,Natka,Garioch,ngarioch12@arstechnica.com,148-266-4732,M40,Roseanne,Holme,rholme13@google.cn,907-561-2494,M41,Reine,Kobpal,rkobpal14@msn.com,639-488-9665,F42,Barrett,Krojn,bkrojn15@independent.co.uk,257-815-4466,F43,Caye,Gyppes,cgyppes16@ftc.gov,538-990-4494,F44,Elyse,Novic,enovic17@cmu.edu,294-587-6405,F45,Elsa,Joannic,ejoannic18@vkontakte.ru,116-545-3330,F46,Dee,Leyzell,dleyzell19@domainmarket.com,524-779-0008,F47,Nike,Lettuce,nlettuce1a@photobucket.com,573-750-8252,M48,Freddi,Goater,fgoater1b@cbslocal.com,820-865-9589,M49,Selia,Grzelczyk,sgrzelczyk1c@miitbeian.gov.cn,114-842-4460,M50,Bevan,Douthwaite,bdouthwaite1d@opensource.org,838-543-0554,F51,Hillier,Patis,hpatis1e@fda.gov,857-930-1928,M52,Gal,Sultana,gsultana1f@microsoft.com,295-524-1178,M53,Brade,Weond,bweond1g@wikispaces.com,462-999-2026,M54,Lewie,Cheak,lcheak1h@indiatimes.com,422-728-2379,F55,Ambrosi,Slyman,aslyman1i@unc.edu,613-844-8483,M56,Shanda,Nuzzi,snuzzi1j@usnews.com,377-687-4628,F57,Perrine,Caillou,pcaillou1k@sitemeter.com,586-926-6018,F58,Felita,Robotham,frobotham1l@hud.gov,912-803-7306,M59,Kelley,Swanson,kswanson1m@ezinearticles.com,868-829-0523,F60,Holli,Hunstone,hhunstone1n@themeforest.net,487-705-5493,F61,Garvin,Czaja,gczaja1o@berkeley.edu,892-315-9945,M62,Holly,Phlipon,hphlipon1p@cpanel.net,311-686-3829,M63,Patrick,Wyke,pwyke1q@usgs.gov,943-516-5043,F64,Corabella,Inkles,cinkles1r@woothemes.com,201-268-9446,M65,Hallsy,Seckington,hseckington1s@studiopress.com,104-511-4926,M66,Oren,Figura,ofigura1t@dell.com,108-479-5907,M67,Mufinella,Mustill,mmustill1u@google.com.br,417-412-9546,F68,Odilia,Lodewick,olodewick1v@xinhuanet.com,601-888-1079,F69,Taddeo,Garton,tgarton1w@cbc.ca,803-774-0040,F70,Nance,Filgate,nfilgate1x@netlog.com,244-347-0849,F71,Valdemar,Jeremaes,vjeremaes1y@com.com,100-819-7110,F72,Melody,Stopps,mstopps1z@addtoany.com,489-849-8181,F73,Joshua,Crust,jcrust20@tumblr.com,145-697-1446,F74,Rowland,Houtby,rhoutby21@bing.com,535-568-9840,F75,Timotheus,Scrowson,tscrowson22@feedburner.com,329-649-8932,M76,Fancie,Tax,ftax23@samsung.com,336-791-1928,F77,Ulrick,Else,uelse24@sphinn.com,633-329-4566,F78,Phil,Snibson,psnibson25@go.com,305-206-2152,M79,Trever,Leggate,tleggate26@paypal.com,235-502-4336,F80,Shayne,Fridd,sfridd27@comcast.net,900-941-2083,F81,Killian,Budden,kbudden28@uiuc.edu,640-808-5748,F82,Nelson,Golsworthy,ngolsworthy29@ucla.edu,209-188-3931,F83,Raff,Giffin,rgiffin2a@usa.gov,166-174-0816,M84,Gordan,Arstingall,garstingall2b@smugmug.com,874-700-6679,M85,Laetitia,Tremayle,ltremayle2c@ustream.tv,535-307-3091,F86,Giulio,Gleave,ggleave2d@woothemes.com,255-876-5723,F87,Danyette,Dradey,ddradey2e@who.int,884-553-4562,M88,Kelley,Oleksinski,koleksinski2f@cbsnews.com,537-939-1829,F89,Cherie,Greendale,cgreendale2g@ibm.com,219-858-6949,F90,Glenden,Top,gtop2h@elpais.com,656-422-9427,M91,Sonja,Cowell,scowell2i@ask.com,779-387-3445,M92,Dill,Rangall,drangall2j@fotki.com,188-575-6549,M93,Jesse,Botterill,jbotterill2k@livejournal.com,866-101-7660,M94,Trudy,Klouz,tklouz2l@fotki.com,646-618-4084,F95,Arleta,Blackett,ablackett2m@scribd.com,503-271-2332,M96,Tybi,Goare,tgoare2n@sakura.ne.jp,481-860-4757,F97,Vince,Landsborough,vlandsborough2o@ucoz.ru,470-833-6633,F98,Cesar,Rotge,crotge2p@goo.gl,100-630-3669,M99,Albert,Peaddie,apeaddie2q@youtu.be,630-891-2128,M100,Reinaldos,Heaford,rheaford2r@odnoklassniki.ru,747-176-5067,M101,Avram,Broe,abroe2s@house.gov,385-764-2958,M102,Pepito,Sleep,psleep2t@google.com.br,847-746-4956,M103,Chelsy,McDonagh,cmcdonagh2u@typepad.com,746-102-2835,M104,Zechariah,Zimmermeister,zzimmermeister2v@bandcamp.com,926-268-7838,F105,Brian,Skade,bskade2w@goodreads.com,309-226-4174,M106,Veda,Heinke,vheinke2x@desdev.cn,278-273-7690,F107,Noelle,Blincowe,nblincowe2y@java.com,849-546-0490,M108,Fulton,Glendining,fglendining2z@xing.com,195-540-4070,F109,Georgie,Grix,ggrix30@reddit.com,922-173-5818,M110,Dorris,Bigley,dbigley31@issuu.com,430-681-4830,F111,Dru,Kase,dkase32@reverbnation.com,256-795-6382,M112,Holly,Brennen,hbrennen33@webeden.co.uk,914-917-6614,M113,Syd,Pettersen,spettersen34@weebly.com,643-302-0817,M114,Pamelina,Berndtssen,pberndtssen35@ebay.co.uk,409-893-0613,M115,Emily,Dipple,edipple36@noaa.gov,496-870-7146,F116,Pat,Goforth,pgoforth37@disqus.com,572-543-4294,F117,Katherine,Baldry,kbaldry38@eventbrite.com,504-842-8150,M118,Brook,Dunlop,bdunlop39@arizona.edu,223-589-9618,F119,Trefor,Morman,tmorman3a@cnn.com,654-575-4599,M120,Karney,Alenichev,kalenichev3b@vimeo.com,467-423-3889,M121,Ardisj,Lethardy,alethardy3c@typepad.com,448-936-8382,M122,Nicholle,Seabrooke,nseabrooke3d@opera.com,769-904-0323,M123,Beatrice,Loughlin,bloughlin3e@php.net,396-324-9741,F124,Griff,Ollett,gollett3f@issuu.com,810-570-7332,M125,Fredericka,Horley,fhorley3g@parallels.com,782-743-8141,F126,Putnem,Awty,pawty3h@addtoany.com,657-746-4022,M127,Dermot,Linbohm,dlinbohm3i@com.com,926-776-8780,F128,Rena,Vain,rvain3j@reddit.com,835-643-7218,M129,Casandra,Klimmek,cklimmek3k@google.es,701-646-8547,F130,Carling,Nottingham,cnottingham3l@google.co.uk,288-919-9011,F131,Erhart,Lyles,elyles3m@google.co.uk,434-673-8261,M132,Karla,Syder,ksyder3n@nymag.com,317-445-9109,M133,Byram,Ucchino,bucchino3o@multiply.com,189-906-9887,F134,Tuckie,Paley,tpaley3p@mac.com,969-557-2873,M135,Merrill,Mattioli,mmattioli3q@ask.com,412-120-8382,M136,Frasquito,Wethered,fwethered3r@adobe.com,491-436-1509,M137,Wallace,Scannell,wscannell3s@lycos.com,747-403-2400,M138,Ketty,Bithany,kbithany3t@hc360.com,909-933-4242,F139,Aksel,Burgott,aburgott3u@jigsy.com,703-652-6851,M140,Salli,McGrotty,smcgrotty3v@edublogs.org,986-755-1379,M141,Rhona,Vinall,rvinall3w@foxnews.com,389-337-1717,M142,Gilberte,Scarce,gscarce3x@last.fm,100-718-0008,F143,Gregoor,Willatt,gwillatt3y@drupal.org,638-818-2537,M144,Anestassia,Worral,aworral3z@elpais.com,856-892-6612,M145,Nola,Hawley,nhawley40@deviantart.com,981-368-6460,F146,Alberik,Couvert,acouvert41@eepurl.com,202-979-7019,F147,Gilli,St Quenin,gstquenin42@baidu.com,639-211-2633,M148,Rea,Goodacre,rgoodacre43@linkedin.com,610-508-9493,M149,Tracie,Swait,tswait44@disqus.com,357-505-9143,M150,Orv,Blackburn,oblackburn45@bbc.co.uk,900-450-2565,M151,Lucius,Gumly,lgumly46@smugmug.com,230-216-7976,F152,Goldia,MacCorkell,gmaccorkell47@seesaa.net,278-189-0043,M153,Farrand,Schroter,fschroter48@google.ca,865-640-1130,F154,Addia,Marking,amarking49@amazonaws.com,984-265-8738,M155,Fayette,Hayton,fhayton4a@loc.gov,986-555-6737,M156,Kevan,Kilfeather,kkilfeather4b@umich.edu,407-299-9257,F157,Ferrell,Dainty,fdainty4c@home.pl,372-480-5740,M158,Bret,Finnimore,bfinnimore4d@huffingtonpost.com,934-797-4276,F159,Aaren,Gercken,agercken4e@biglobe.ne.jp,607-675-8526,F160,Trish,Dranfield,tdranfield4f@networkadvertising.org,105-685-0974,F161,Cally,Delue,cdelue4g@lulu.com,331-182-9963,F162,Darline,Rowntree,drowntree4h@statcounter.com,928-211-1696,M163,Hyatt,Simpson,hsimpson4i@phpbb.com,195-962-7897,M164,Calvin,Bishopp,cbishopp4j@examiner.com,112-882-9417,F165,Amalita,McCuthais,amccuthais4k@moonfruit.com,355-662-0028,F166,Ellen,Masserel,emasserel4l@lulu.com,743-835-2088,M167,Valerye,Rubega,vrubega4m@networksolutions.com,318-520-2078,M168,Temple,Capaldo,tcapaldo4n@51.la,396-427-5391,M169,Mickie,Newey,mnewey4o@studiopress.com,372-407-1924,M170,Kat,Mc Meekin,kmcmeekin4p@dailymail.co.uk,231-797-4376,M171,Trude,Sang,tsang4q@histats.com,597-163-7336,M172,Read,Walker,rwalker4r@godaddy.com,954-825-5019,F173,Benn,Lorkings,blorkings4s@mac.com,303-666-7807,M174,Mahmud,Farmar,mfarmar4t@sourceforge.net,142-163-9669,F175,Anitra,Jeanesson,ajeanesson4u@devhub.com,260-635-1031,F176,Paulie,Jurries,pjurries4v@scientificamerican.com,112-673-3310,F177,Nevile,Kusick,nkusick4w@state.gov,398-656-0323,F178,Evangeline,Osselton,eosselton4x@ca.gov,213-100-7247,F179,Chrissie,Noakes,cnoakes4y@springer.com,376-881-8570,F180,Vida,Morden,vmorden4z@so-net.ne.jp,819-563-4373,M181,Blinny,Samworth,bsamworth50@simplemachines.org,908-726-3243,F182,Tann,Hrishanok,thrishanok51@weather.com,497-958-4198,F183,Clemens,Suett,csuett52@xrea.com,801-436-6091,M184,Peirce,Arnfield,parnfield53@twitpic.com,889-739-5536,F185,Crawford,Croxon,ccroxon54@ovh.net,976-223-3668,M186,Jaquenetta,Coulthard,jcoulthard55@canalblog.com,306-376-7703,M187,Leonerd,Aplin,laplin56@cisco.com,823-624-1465,M188,Carley,Orgee,corgee57@apache.org,856-124-6818,M189,Flossie,Denisyev,fdenisyev58@loc.gov,481-521-9076,F190,Noell,Demangeot,ndemangeot59@imdb.com,103-747-5343,M191,Mannie,Cutmare,mcutmare5a@cloudflare.com,967-464-0277,M192,Dotty,Rubens,drubens5b@wunderground.com,362-809-4284,F193,Bellina,Deas,bdeas5c@pinterest.com,407-468-0522,M194,Donall,O'Hannay,dohannay5d@washingtonpost.com,900-899-8801,F195,Reina,Bridgwater,rbridgwater5e@baidu.com,271-513-1294,M196,Theobald,Paynter,tpaynter5f@thetimes.co.uk,342-825-6214,M197,Alleen,Grigori,agrigori5g@ox.ac.uk,926-796-2719,F198,Annice,Noury,anoury5h@ftc.gov,848-493-9747,M199,Alfy,Pinn,apinn5i@ebay.co.uk,633-835-3325,F200,Edie,Warrior,ewarrior5j@google.ca,365-832-4531,M201,Christian,Kristiansen,ckristiansen5k@telegraph.co.uk,101-145-6528,F202,Ardyce,Vreede,avreede5l@google.it,990-655-7178,M203,Harwell,Bocken,hbocken5m@blogtalkradio.com,445-494-0645,F204,Peadar,Annable,pannable5n@umn.edu,197-294-6453,M205,Tandy,Arthy,tarthy5o@ucoz.ru,904-338-2727,F206,Lurline,Float,lfloat5p@unicef.org,368-227-9109,F207,Zondra,Armatidge,zarmatidge5q@cdbaby.com,250-990-6887,F208,Weider,Bulfoy,wbulfoy5r@europa.eu,102-469-2106,M209,Sigismundo,Kernar,skernar5s@bandcamp.com,441-360-3804,F210,Costanza,Choffin,cchoffin5t@ebay.com,383-103-9254,F211,Marcille,Jendrusch,mjendrusch5u@cam.ac.uk,523-376-9137,F212,Lyndsay,Makey,lmakey5v@php.net,606-237-5810,M213,Cobbie,Croote,ccroote5w@xinhuanet.com,913-852-7842,F214,Morris,Barnsdall,mbarnsdall5x@scientificamerican.com,997-368-6489,M215,Brigham,Thexton,bthexton5y@stanford.edu,306-288-6906,M216,Joshia,Woolens,jwoolens5z@dot.gov,804-739-2688,M217,Claudius,Hellsdon,chellsdon60@uol.com.br,962-735-6274,M218,Colet,Delepine,cdelepine61@ameblo.jp,222-507-8300,F219,Philis,Khadir,pkhadir62@google.pl,869-170-1440,M220,Sherwin,Cluff,scluff63@mozilla.com,896-213-7663,M221,Kata,Franses,kfranses64@senate.gov,491-327-8585,F222,Crawford,Maylin,cmaylin65@sciencedaily.com,168-241-7992,M223,Maire,Barts,mbarts66@goo.gl,386-893-9052,F224,Jan,Vosper,jvosper67@harvard.edu,798-226-4153,F225,Mireille,Harries,mharries68@canalblog.com,254-474-0234,M226,Holly-anne,Le Noir,hlenoir69@prnewswire.com,965-286-4330,M227,Erek,Brimmell,ebrimmell6a@netvibes.com,873-708-1098,M228,Lela,Eate,leate6b@purevolume.com,863-678-0258,M229,Gottfried,Cutriss,gcutriss6c@gmpg.org,560-608-2676,F230,Hildagarde,Spelling,hspelling6d@mozilla.org,356-908-5813,F231,Leisha,Rubinowicz,lrubinowicz6e@wix.com,585-287-2050,M232,Hyacinthia,Dandison,hdandison6f@skype.com,957-680-2790,F233,Daren,Jacox,djacox6g@ucla.edu,963-749-4430,F234,Myrah,Haukey,mhaukey6h@google.com.au,589-756-9317,M235,Clary,Southcott,csouthcott6i@gov.uk,445-775-0032,M236,Dolly,Redmond,dredmond6j@amazon.de,488-748-8327,M237,Mab,Hesser,mhesser6k@accuweather.com,942-337-6936,M238,Cos,Clinning,cclinning6l@shop-pro.jp,941-660-3170,F239,Siouxie,McCarrison,smccarrison6m@nature.com,919-163-9575,M240,Caritta,Pedlingham,cpedlingham6n@prweb.com,126-553-2353,F241,Zorah,Strognell,zstrognell6o@tinypic.com,526-511-9681,F242,Joye,Leibold,jleibold6p@latimes.com,176-224-1676,M243,Cosme,Oherlihy,coherlihy6q@google.com.br,610-668-3055,F244,Dorice,Manach,dmanach6r@wordpress.com,261-551-0981,F245,Vinnie,Ticic,vticic6s@dell.com,363-902-5585,M246,Scottie,Harome,sharome6t@state.tx.us,470-920-4389,F247,Modesty,Bassindale,mbassindale6u@prnewswire.com,182-670-5678,F248,Cassie,Margrem,cmargrem6v@scribd.com,596-565-4374,M249,Elyse,Dyson,edyson6w@npr.org,653-200-0100,F250,Cassie,Sowten,csowten6x@skype.com,302-110-0429,F251,Cornell,Ludovici,cludovici6y@google.com.au,202-966-3726,F252,Justin,Ferrini,jferrini6z@columbia.edu,110-274-4014,F253,Carny,Pharoah,cpharoah70@utexas.edu,947-158-2542,F254,Novelia,Vannoort,nvannoort71@blog.com,428-236-5224,F255,Irma,Southby,isouthby72@jimdo.com,107-785-1054,M256,Merle,Gimeno,mgimeno73@adobe.com,609-764-5212,F257,Richy,Binley,rbinley74@ca.gov,525-878-0145,F258,Mahmoud,Puckrin,mpuckrin75@furl.net,319-144-8653,M259,Margo,Finnick,mfinnick76@salon.com,404-834-1560,M260,Romonda,Stivens,rstivens77@ucsd.edu,390-926-4437,M261,Flin,Franzman,ffranzman78@seattletimes.com,688-124-1181,F262,Fiann,Garbett,fgarbett79@bbc.co.uk,318-587-3411,M263,Willie,Wrenn,wwrenn7a@rambler.ru,548-557-8374,M264,Tiff,Cornish,tcornish7b@posterous.com,584-476-8660,F265,Pauletta,Wethey,pwethey7c@sbwire.com,488-707-8059,M266,Gaile,Stockney,gstockney7d@angelfire.com,158-689-4842,M267,Karoline,Shattock,kshattock7e@microsoft.com,922-674-5064,F268,Aldus,Fanshawe,afanshawe7f@vkontakte.ru,456-109-2687,M269,Fin,Wyles,fwyles7g@example.com,270-341-1681,F270,Claudia,Dobrovsky,cdobrovsky7h@nationalgeographic.com,654-997-8593,F271,Codee,Jeffcoat,cjeffcoat7i@sogou.com,242-319-2932,M272,Granthem,Woodrup,gwoodrup7j@mac.com,753-622-1830,F273,Shoshanna,Morgan,smorgan7k@wp.com,162-563-5941,M274,Holli,Beames,hbeames7l@dedecms.com,226-577-2201,M275,Jessa,Ibbetson,jibbetson7m@archive.org,535-297-7718,M276,Carleen,Amis,camis7n@meetup.com,998-120-1115,M277,Corella,Rumsby,crumsby7o@drupal.org,466-550-2061,F278,Zola,Laible,zlaible7p@blogtalkradio.com,733-233-6372,F279,Kurt,Rule,krule7q@about.com,886-682-2942,F280,Lesya,Lingard,llingard7r@addthis.com,837-551-0324,M281,Beck,Jurisic,bjurisic7s@desdev.cn,542-519-8460,F282,Katy,D'Ugo,kdugo7t@comsenz.com,412-443-2184,M283,Charyl,Everard,ceverard7u@fastcompany.com,324-875-5219,M284,Hakeem,Mellonby,hmellonby7v@google.com.br,272-343-2206,M285,Carroll,Radloff,cradloff7w@wikipedia.org,716-987-1709,F286,Clarinda,Castagnasso,ccastagnasso7x@oracle.com,466-643-2064,M287,Adair,Sink,asink7y@unesco.org,836-248-6456,M288,Hall,Fergusson,hfergusson7z@cbslocal.com,637-814-7151,M289,Friederike,Slorance,fslorance80@bigcartel.com,937-692-3784,M290,Saleem,Stoffer,sstoffer81@europa.eu,265-444-2420,M291,Michel,McColl,mmccoll82@mozilla.org,587-788-2631,M292,Abby,Clapston,aclapston83@blogs.com,161-783-6364,F293,Fitz,Mix,fmix84@typepad.com,181-245-0790,F294,Teddy,Bambridge,tbambridge85@photobucket.com,634-758-2517,F295,Ambrose,Resdale,aresdale86@google.es,569-196-2158,F296,Bearnard,Please,bplease87@deliciousdays.com,975-374-7040,F297,Davis,Santori,dsantori88@a8.net,380-654-5717,M298,Patty,McNicol,pmcnicol89@dedecms.com,740-447-5145,F299,Kerri,Yakebovich,kyakebovich8a@i2i.jp,649-170-7929,F300,Emily,Arpino,earpino8b@uiuc.edu,383-255-4863,F301,Alys,Rosenberg,arosenberg8c@nymag.com,455-968-4809,M302,Valle,Rabbet,vrabbet8d@cyberchimps.com,518-370-3604,M303,Tybi,Haverty,thaverty8e@amazon.co.uk,919-268-2186,M304,Ignacius,Oldnall,ioldnall8f@nydailynews.com,709-180-1828,F305,Raul,Mertel,rmertel8g@aboutads.info,613-971-5502,F306,Baillie,Goane,bgoane8h@un.org,669-184-7854,M307,Rosette,Faivre,rfaivre8i@house.gov,765-619-5084,M308,Olia,Beatty,obeatty8j@xinhuanet.com,510-740-3890,F309,Hildegarde,Gallanders,hgallanders8k@tinypic.com,267-921-2880,M310,Drew,Augustin,daugustin8l@nps.gov,873-802-2587,M311,Blakeley,Helling,bhelling8m@diigo.com,941-439-3980,F312,Ellissa,McIlwain,emcilwain8n@hugedomains.com,223-673-9384,M313,Levi,Leitche,lleitche8o@etsy.com,956-887-2788,M314,Marla,St Quenin,mstquenin8p@walmart.com,377-107-7545,M315,Joshua,Lamprecht,jlamprecht8q@goo.ne.jp,155-230-1244,M316,Trina,Reisen,treisen8r@oakley.com,602-476-4211,M317,Kimball,Parramore,kparramore8s@so-net.ne.jp,953-492-7178,F318,Normie,Broadley,nbroadley8t@who.int,559-647-7426,F319,Prescott,Gravatt,pgravatt8u@amazon.de,641-619-1638,F320,Jill,Coldbreath,jcoldbreath8v@ucla.edu,945-782-4588,M321,Charmian,Annion,cannion8w@cbslocal.com,502-617-7485,M322,Giana,Merlin,gmerlin8x@dmoz.org,663-242-8435,M323,Aime,Maddock,amaddock8y@gizmodo.com,777-483-8322,F324,Mitzi,Weathers,mweathers8z@creativecommons.org,118-760-2275,M325,Wang,Laycock,wlaycock90@spiegel.de,540-524-0066,M326,Alford,Langdridge,alangdridge91@state.tx.us,463-648-1943,F327,Deni,Gehricke,dgehricke92@berkeley.edu,982-353-4148,F328,Zitella,Bedbury,zbedbury93@businessinsider.com,221-990-6542,M329,Cherilynn,Dubois,cdubois94@acquirethisname.com,908-667-4701,F330,Edithe,Lingner,elingner95@unblog.fr,687-965-5517,F331,Lorenza,Lelievre,llelievre96@ucoz.com,977-746-7599,M332,Alexis,Brammall,abrammall97@1688.com,666-835-7648,M333,Steven,Trevallion,strevallion98@dyndns.org,493-809-9127,M334,Carrie,Grundy,cgrundy99@ustream.tv,843-696-4876,M335,Rancell,Lyttle,rlyttle9a@arstechnica.com,169-820-5956,M336,Sharla,Corwin,scorwin9b@jugem.jp,875-333-0260,M337,Marianna,Dodgshon,mdodgshon9c@mediafire.com,954-350-4986,F338,Woody,Gaule,wgaule9d@ibm.com,508-319-1199,M339,Tannie,Ferenczi,tferenczi9e@last.fm,527-947-7869,M340,Yolanthe,Latty,ylatty9f@canalblog.com,511-428-0851,M341,Putnam,O'Caherny,pocaherny9g@friendfeed.com,864-909-4173,F342,Augie,Fehners,afehners9h@bloglines.com,212-492-3294,F343,Stormie,Sedgwick,ssedgwick9i@fema.gov,796-937-0509,M344,Garvin,Maddison,gmaddison9j@ftc.gov,239-955-9202,F345,Edithe,Southall,esouthall9k@squarespace.com,737-280-9270,M346,Davina,Parr,dparr9l@constantcontact.com,248-773-9314,F347,Marge,De Caroli,mdecaroli9m@china.com.cn,385-317-8503,F348,Anet,Spikins,aspikins9n@businessweek.com,263-838-1357,F349,Sebastiano,Sedwick,ssedwick9o@goo.ne.jp,390-420-2714,M350,Norean,Deaconson,ndeaconson9p@php.net,116-996-7882,F351,Tony,Demangeon,tdemangeon9q@amazon.co.uk,803-845-3160,F352,Edyth,Saich,esaich9r@free.fr,588-348-6005,F353,Ericka,Darington,edarington9s@ucla.edu,844-969-9897,M354,Em,Mangion,emangion9t@godaddy.com,941-915-7278,M355,Felipe,Pumfrett,fpumfrett9u@admin.ch,917-424-7078,M356,Joanna,Lamblin,jlamblin9v@cbsnews.com,714-141-1758,F357,Mayor,Matusiak,mmatusiak9w@last.fm,743-115-6776,F358,Leodora,Novik,lnovik9x@opera.com,805-177-2768,M359,Nevins,Attwooll,nattwooll9y@canalblog.com,998-458-2423,M360,Angeli,Geer,ageer9z@un.org,816-406-7164,M361,Abbott,Fundell,afundella0@photobucket.com,109-649-1998,F362,Giorgi,Briffett,gbriffetta1@gizmodo.com,577-421-2942,F363,Lucio,Coleson,lcolesona2@google.ru,732-279-1891,F364,Nicolina,Corrigan,ncorrigana3@multiply.com,871-390-3915,F365,Murdock,Casillis,mcasillisa4@ucoz.com,679-162-3904,F366,Paddy,Benley,pbenleya5@deviantart.com,388-492-2437,F367,Rudd,Picopp,rpicoppa6@va.gov,808-121-6291,M368,Adan,Gammon,agammona7@washington.edu,209-707-0926,M369,Bradan,Stickens,bstickensa8@auda.org.au,764-113-5422,M370,Maia,Hillett,mhilletta9@nationalgeographic.com,487-488-5500,F371,Giffy,Droghan,gdroghanaa@tripadvisor.com,759-623-2629,F372,Bette-ann,Kimmins,bkimminsab@usnews.com,652-659-8771,M373,Reuben,Medlicott,rmedlicottac@weather.com,498-241-8667,F374,Paxon,Lindeberg,plindebergad@angelfire.com,380-986-2547,M375,Rabi,Serman,rsermanae@about.com,275-913-3736,M376,Melany,Banister,mbanisteraf@pcworld.com,334-421-2840,M377,Magnum,Comins,mcominsag@joomla.org,815-386-7960,F378,Evvy,Hallahan,ehallahanah@census.gov,907-917-6720,M379,Jewel,Kellen,jkellenai@etsy.com,673-530-4666,F380,Darnell,Luca,dlucaaj@kickstarter.com,301-229-2144,M381,Amargo,Steenson,asteensonak@gov.uk,555-253-7718,M382,Brenden,Joynes,bjoynesal@prlog.org,139-275-4442,M383,Peterus,Selborne,pselborneam@dot.gov,741-327-4017,F384,Luis,Clouston,lcloustonan@naver.com,652-131-6966,F385,Lanny,McCaig,lmccaigao@163.com,878-546-9507,M386,Ola,Lafford,olaffordap@msn.com,342-880-7124,M387,Otto,Jirusek,ojirusekaq@webnode.com,313-198-4211,M388,Darin,Cancott,dcancottar@twitter.com,273-342-4227,F389,Arleyne,McCluskey,amccluskeyas@mapquest.com,781-553-4963,M390,Sheffy,Bizley,sbizleyat@liveinternet.ru,834-663-1612,F391,Dennet,O'Dare,dodareau@shutterfly.com,729-247-8117,M392,Sharleen,O'Lunney,solunneyav@omniture.com,158-683-2230,F393,Towney,Yersin,tyersinaw@soup.io,758-650-3097,M394,Elly,Spelwood,espelwoodax@imdb.com,577-954-9667,M395,Lou,Zanneli,lzanneliay@cbslocal.com,725-117-8245,F396,Tull,Frizell,tfrizellaz@gravatar.com,637-489-3145,M397,Hugo,Lapthorne,hlapthorneb0@furl.net,665-356-0253,M398,Allx,Plan,aplanb1@ezinearticles.com,372-427-1186,F399,Cherilynn,Bennet,cbennetb2@hexun.com,794-843-0122,M400,Dody,Kahen,dkahenb3@blogs.com,756-202-6993,M401,Major,Ellerby,mellerbyb4@goo.gl,552-415-2887,F402,Beverly,Piddlesden,bpiddlesdenb5@mashable.com,471-162-7171,F403,Felisha,Fipp,ffippb6@mlb.com,450-145-1533,F404,Em,Stapleford,estaplefordb7@cpanel.net,195-931-8502,F405,Lenee,Genders,lgendersb8@unblog.fr,284-359-0944,M406,Carlie,Cornforth,ccornforthb9@mtv.com,586-352-0035,F407,Drucy,Ainsby,dainsbyba@amazon.co.uk,593-126-6029,F408,Sunny,Maliffe,smaliffebb@altervista.org,318-498-8805,M409,Drud,Petrol,dpetrolbc@dagondesign.com,543-854-7260,F410,Carlin,Birchner,cbirchnerbd@un.org,466-569-5806,F411,Bevon,Heatley,bheatleybe@chicagotribune.com,286-737-6141,M412,Pauly,Beggan,pbegganbf@themeforest.net,950-857-5334,F413,Waylan,Wornham,wwornhambg@furl.net,397-852-0499,F414,Kaja,Webermann,kwebermannbh@foxnews.com,309-505-8688,F415,Rinaldo,Crone,rcronebi@facebook.com,864-408-1059,M416,Anabella,Churms,achurmsbj@usa.gov,445-116-1600,F417,Gal,Pringell,gpringellbk@sun.com,396-829-8172,F418,Lynea,Circuit,lcircuitbl@etsy.com,580-676-0384,F419,Lura,Burkman,lburkmanbm@ed.gov,330-364-8436,M420,Peter,Davidsohn,pdavidsohnbn@patch.com,239-215-5485,F421,Gabbi,Hamlett,ghamlettbo@jigsy.com,644-747-9099,M422,Garrik,Goodram,ggoodrambp@nyu.edu,502-615-7796,F423,Lian,Ham,lhambq@arstechnica.com,410-954-9090,F424,Lona,Popescu,lpopescubr@adobe.com,524-589-0875,F425,Robbert,Bennike,rbennikebs@bloomberg.com,600-877-1577,M426,Nert,Tickel,ntickelbt@so-net.ne.jp,437-984-0171,F427,Alphard,Philott,aphilottbu@spiegel.de,177-734-5348,M428,Jaclyn,Kennedy,jkennedybv@cisco.com,819-970-9849,F429,Delmer,Easter,deasterbw@photobucket.com,855-148-0454,F430,Arlinda,Punchard,apunchardbx@geocities.jp,415-254-3345,F431,Tina,Edgington,tedgingtonby@bigcartel.com,940-962-1633,F432,Garrard,Bracken,gbrackenbz@paginegialle.it,946-979-7468,F433,Ewart,Matula,ematulac0@gnu.org,252-250-8680,M434,Brietta,Iveagh,biveaghc1@businesswire.com,840-244-8170,F435,Lura,Flight,lflightc2@virginia.edu,252-863-3574,M436,Roslyn,Ciardo,rciardoc3@xinhuanet.com,567-494-0607,M437,Hermione,Bonnaire,hbonnairec4@ameblo.jp,112-613-6184,F438,Ky,Hellmer,khellmerc5@usda.gov,271-772-1407,M439,Marnia,Strathman,mstrathmanc6@rakuten.co.jp,769-578-2272,F440,Sigismund,Becarra,sbecarrac7@baidu.com,534-536-0380,F441,Tammy,Freezor,tfreezorc8@hp.com,124-834-8367,F442,Prent,Cancellieri,pcancellieric9@issuu.com,959-750-7615,F443,Davon,Elderidge,delderidgeca@cornell.edu,990-780-1153,F444,Gabrila,Mackley,gmackleycb@alibaba.com,135-452-8093,F445,Guenevere,Capsey,gcapseycc@alexa.com,184-867-9582,F446,Aloysius,Vader,avadercd@admin.ch,495-434-3982,F447,Rock,Ollin,rollince@weebly.com,716-415-7434,F448,Jermayne,Hayer,jhayercf@scribd.com,737-332-3791,F449,Bancroft,Challoner,bchallonercg@usnews.com,881-596-5957,M450,Berni,Brodie,bbrodiech@sciencedirect.com,738-527-8467,F451,Clarey,Press,cpressci@yale.edu,321-202-2526,M452,Blinny,Salazar,bsalazarcj@bbc.co.uk,769-214-2690,F453,Carree,Fetherby,cfetherbyck@ehow.com,634-118-2981,F454,Kayla,Vallery,kvallerycl@feedburner.com,433-578-0792,F455,Alejoa,Jillett,ajillettcm@nationalgeographic.com,748-546-6815,F456,Bent,Gullberg,bgullbergcn@indiegogo.com,302-392-2791,F457,Nikolaos,Bennen,nbennenco@phpbb.com,579-123-8755,F458,Alric,Vakhonin,avakhonincp@uiuc.edu,786-706-6744,M459,Nealson,Zuppa,nzuppacq@amazonaws.com,635-116-5041,M460,Ollie,Burdfield,oburdfieldcr@about.me,223-691-3150,M461,Tess,Kapelhof,tkapelhofcs@aboutads.info,630-942-7045,F462,Haleigh,Facey,hfaceyct@weather.com,785-384-5178,M463,Corabelle,Hardwich,chardwichcu@noaa.gov,544-291-8060,M464,Phillie,Smorthwaite,psmorthwaitecv@unesco.org,172-591-1341,F465,Artair,Kops,akopscw@walmart.com,676-869-1857,F466,Dagny,Waddicor,dwaddicorcx@hostgator.com,261-411-4590,M467,Harriette,Eusden,heusdency@freewebs.com,282-933-9228,F468,Joceline,Karpychev,jkarpychevcz@rediff.com,394-594-1065,F469,Bibbye,Guilford,bguilfordd0@blinklist.com,346-324-9751,M470,Irma,Yglesia,iyglesiad1@pbs.org,533-758-4810,F471,Jennette,Keyho,jkeyhod2@wiley.com,811-581-5038,M472,Eduard,Sach,esachd3@statcounter.com,256-424-0369,M473,Inigo,Cherrett,icherrettd4@cargocollective.com,149-842-5534,M474,Keenan,Hailwood,khailwoodd5@bluehost.com,292-161-7170,M475,Edik,Rosten,erostend6@example.com,136-517-5971,M476,Lynnet,Saggs,lsaggsd7@pbs.org,726-430-9180,F477,Rachael,MacBrearty,rmacbreartyd8@cnn.com,228-986-8090,F478,Vlad,Drugan,vdrugand9@theguardian.com,985-406-3978,F479,Jeffrey,Kinghorn,jkinghornda@g.co,657-639-7765,M480,Katleen,Decent,kdecentdb@archive.org,365-984-6385,F481,Emeline,Tournie,etourniedc@foxnews.com,355-124-5916,F482,Rycca,Tolotti,rtolottidd@oracle.com,405-617-8923,F483,Norry,Nutbeem,nnutbeemde@vistaprint.com,619-638-0662,F484,Bernardo,Shaxby,bshaxbydf@virginia.edu,559-660-6284,F485,Sybilla,Ackenhead,sackenheaddg@webs.com,849-940-7968,M486,Knox,Consadine,kconsadinedh@craigslist.org,196-915-0788,M487,Naomi,Widdicombe,nwiddicombedi@cam.ac.uk,189-964-4445,F488,Keelby,Nigh,knighdj@soup.io,438-845-9476,M489,Verne,Cristofaro,vcristofarodk@nhs.uk,479-139-8969,M490,Philippa,Semon,psemondl@miitbeian.gov.cn,279-677-6126,M491,Connie,Speares,cspearesdm@bloglines.com,562-469-4200,F492,Graig,Bollin,gbollindn@mozilla.com,637-364-4288,F493,Sorcha,Catlow,scatlowdo@slideshare.net,787-232-0575,F494,Tomlin,Rhodes,trhodesdp@geocities.com,453-130-4563,M495,Maribeth,Baty,mbatydq@opera.com,763-374-7582,M496,Filberte,Juszczyk,fjuszczykdr@youku.com,713-433-0952,F497,Bobbe,Domoney,bdomoneyds@t.co,732-383-3750,F498,Armin,Bodimeade,abodimeadedt@java.com,735-859-1048,M499,Kendra,Leaver,kleaverdu@dailymotion.com,569-864-2469,F500,Delainey,Ortiger,dortigerdv@mayoclinic.com,820-867-4064,F501,Odella,Sallier,osallierdw@nytimes.com,546-435-8880,F502,Iolanthe,Marin,imarindx@goodreads.com,616-614-4934,F503,Pembroke,Brabin,pbrabindy@cdc.gov,931-790-6296,M504,Rory,Postill,rpostilldz@netlog.com,352-157-2747,F505,Judon,Floris,jflorise0@earthlink.net,805-704-8175,M506,Armand,Garroch,agarroche1@sohu.com,440-427-1929,M507,Fan,Tupie,ftupiee2@shop-pro.jp,911-435-0645,F508,Sharleen,Colegate,scolegatee3@reuters.com,189-721-9073,F509,Dell,Ruter,drutere4@chronoengine.com,427-546-2903,F510,Rafaelia,Pomfrey,rpomfreye5@mozilla.com,180-121-4714,M511,Hermine,Robertot,hrobertote6@bluehost.com,462-536-5862,M512,Roxie,Bickerstasse,rbickerstassee7@oakley.com,203-868-5921,F513,Joycelin,Stivey,jstiveye8@wp.com,917-301-4003,M514,Shelley,Moss,smosse9@creativecommons.org,360-444-7185,F515,Eleonora,Gockelen,egockelenea@cdc.gov,188-703-4548,M516,Lynnett,Alabastar,lalabastareb@opera.com,484-540-1883,F517,Reece,Banck,rbanckec@about.me,622-200-0566,M518,Farlay,O'Hollegan,foholleganed@nyu.edu,249-214-9799,M519,Breena,Powers,bpowersee@blogger.com,865-187-3453,M520,Page,Ruberry,pruberryef@google.com.hk,497-731-2989,M521,Randall,Jacson,rjacsoneg@google.it,446-283-3973,M522,Kellsie,Rheubottom,krheubottomeh@seesaa.net,917-321-1164,F523,Remington,Trickett,rtrickettei@huffingtonpost.com,945-399-3875,F524,Bearnard,Swait,bswaitej@smh.com.au,997-282-1587,M525,Tate,Danieli,tdanieliek@deliciousdays.com,732-548-9650,M526,West,Cashell,wcashellel@mysql.com,395-661-1489,M527,Egon,Wooding,ewoodingem@bbb.org,712-707-0609,F528,Lennie,Semper,lsemperen@mapquest.com,248-100-9221,F529,Pammie,Tupman,ptupmaneo@chicagotribune.com,527-376-7915,M530,Tomlin,Beynke,tbeynkeep@auda.org.au,148-181-7509,M531,Kathye,Tranmer,ktranmereq@ca.gov,767-479-4560,F532,Rozanna,O'Drought,rodroughter@columbia.edu,146-348-9686,F533,Angelia,Belone,abelonees@boston.com,536-403-8549,M534,Inger,Hamblen,ihamblenet@sitemeter.com,433-807-4099,M535,Shayne,Zukerman,szukermaneu@vk.com,129-320-9683,M536,Kylynn,Gonneau,kgonneauev@psu.edu,608-930-2109,M537,Marchall,Auguste,maugusteew@washington.edu,302-574-0253,F538,Connie,Collman,ccollmanex@pagesperso-orange.fr,734-151-2943,M539,Iris,Khristoforov,ikhristoforovey@instagram.com,340-758-8557,F540,Klement,Ajean,kajeanez@eepurl.com,666-905-7987,M541,Koral,Kibel,kkibelf0@cnet.com,104-589-0210,M542,Felicity,Vasquez,fvasquezf1@google.pl,627-433-0054,M543,Liam,Aleswell,laleswellf2@patch.com,520-389-7979,M544,Nolan,Jurgen,njurgenf3@nymag.com,591-495-0901,M545,Dion,Lincke,dlinckef4@dedecms.com,699-257-2903,M546,Zilvia,Jost,zjostf5@addthis.com,673-238-1442,F547,Brose,Hunnisett,bhunnisettf6@psu.edu,577-925-5433,M548,Pennie,Whimpenny,pwhimpennyf7@globo.com,654-608-4898,F549,Sawyer,Hildred,shildredf8@youtube.com,298-819-6824,F550,Roderigo,Larter,rlarterf9@umn.edu,919-900-2418,F551,Corenda,Vankeev,cvankeevfa@jalbum.net,694-314-1842,M552,Pooh,Fitkin,pfitkinfb@mit.edu,352-428-4268,F553,Merry,Romans,mromansfc@printfriendly.com,981-704-2468,M554,Edgar,Hardan,ehardanfd@pcworld.com,515-486-7144,M555,Cordy,Treadgall,ctreadgallfe@qq.com,331-873-3066,M556,Matt,Swyndley,mswyndleyff@latimes.com,180-565-3499,M557,Chelsy,Sansun,csansunfg@mediafire.com,380-672-4479,M558,Rosella,Feldfisher,rfeldfisherfh@indiatimes.com,494-242-3427,F559,Brandea,Bearman,bbearmanfi@ow.ly,265-194-8747,M560,Xenia,Pydcock,xpydcockfj@cnn.com,115-680-3277,F561,Etan,Whiteman,ewhitemanfk@aol.com,322-285-3992,M562,Abbie,Jirsa,ajirsafl@netlog.com,450-822-2383,F563,Cristin,Merrien,cmerrienfm@scientificamerican.com,189-526-5657,M564,Melisenda,Beaman,mbeamanfn@storify.com,744-319-7023,M565,Desiree,Redon,dredonfo@lycos.com,259-943-6384,F566,Alfy,Kneeland,akneelandfp@ucla.edu,434-542-2076,F567,Trixy,Dahmel,tdahmelfq@hubpages.com,162-714-5244,F568,Josh,Bigham,jbighamfr@reference.com,876-584-7787,F569,Dillon,Ellin,dellinfs@ted.com,456-106-0204,M570,Pall,Bradnock,pbradnockft@indiegogo.com,817-726-0022,F571,Charlotta,Storey,cstoreyfu@google.pl,974-892-3178,M572,Elfrieda,Brecken,ebreckenfv@ebay.co.uk,607-113-3590,M573,Tadd,Heiton,theitonfw@youtu.be,594-733-3324,F574,Jobie,Goodlake,jgoodlakefx@1688.com,181-751-4318,M575,Eduard,Furness,efurnessfy@usa.gov,231-662-4859,M576,Elwin,Llorens,ellorensfz@amazon.co.uk,119-273-8542,F577,Tabatha,Sterrie,tsterrieg0@auda.org.au,605-848-7958,F578,Conni,Nend,cnendg1@dailymail.co.uk,843-810-2190,M579,Zenia,Spadoni,zspadonig2@cocolog-nifty.com,363-724-3737,M580,Dulce,Pagram,dpagramg3@weibo.com,989-512-8820,M581,Kiley,Murkitt,kmurkittg4@ox.ac.uk,306-764-8308,F582,Kerrin,Moen,kmoeng5@comsenz.com,166-258-1055,M583,Arte,Alabastar,aalabastarg6@epa.gov,928-441-1155,F584,Clare,Lindermann,clindermanng7@hc360.com,610-135-7017,M585,Doll,Penright,dpenrightg8@vkontakte.ru,713-509-3561,F586,Wildon,Click,wclickg9@woothemes.com,996-588-4985,M587,Rupert,Brock,rbrockga@cnbc.com,493-859-9350,F588,Hertha,Robinett,hrobinettgb@t-online.de,350-580-1283,M589,Jamesy,Gower,jgowergc@sohu.com,111-707-2798,F590,Benedick,Sibbert,bsibbertgd@phpbb.com,962-312-2525,M591,Emelita,Kirmond,ekirmondge@yandex.ru,134-475-8911,M592,Cosme,Lilleyman,clilleymangf@hud.gov,603-903-3777,M593,Husain,Cranidge,hcranidgegg@godaddy.com,314-908-5884,M594,Laughton,Banane,lbananegh@mozilla.org,272-796-6666,F595,Pepito,Baughan,pbaughangi@time.com,656-723-2295,F596,Corabel,Bromet,cbrometgj@wunderground.com,745-146-4813,F597,Langston,Ivanov,livanovgk@ning.com,725-422-6324,F598,Bart,Lefley,blefleygl@washingtonpost.com,973-581-8493,M599,Christiano,Louedey,clouedeygm@auda.org.au,847-677-0344,F600,Cristy,Melody,cmelodygn@cdc.gov,143-136-1657,M601,Monte,Tresise,mtresisego@japanpost.jp,746-965-1428,M602,Alfi,Cruddace,acruddacegp@hostgator.com,702-183-2414,F603,Hyacinthia,Vlasenkov,hvlasenkovgq@issuu.com,116-839-3067,F604,Tommy,Allport,tallportgr@studiopress.com,414-674-5772,F605,Lolly,Banbrook,lbanbrookgs@sitemeter.com,986-136-9600,M606,Rycca,Mettrick,rmettrickgt@devhub.com,883-955-1169,F607,Daron,Wimsett,dwimsettgu@instagram.com,204-789-5707,M608,Lavinie,Coulthard,lcoulthardgv@reddit.com,863-191-4736,F609,Brew,Yakubov,byakubovgw@wp.com,866-506-8369,M610,Kalina,Knowller,kknowllergx@go.com,290-136-8082,F611,Ford,Jirzik,fjirzikgy@desdev.cn,693-951-7502,F612,Aland,Benjamin,abenjamingz@yahoo.com,852-253-3376,F613,Keefe,Brownlow,kbrownlowh0@drupal.org,742-821-5194,M614,Annemarie,Bateman,abatemanh1@icq.com,735-929-4368,F615,Antonietta,Keely,akeelyh2@google.it,758-827-9247,M616,Vernor,Langelay,vlangelayh3@quantcast.com,531-443-1204,F617,Jdavie,Kock,jkockh4@ed.gov,592-258-1689,M618,Iolanthe,Lauridsen,ilauridsenh5@pagesperso-orange.fr,734-921-3120,M619,Cyndy,Lokier,clokierh6@sitemeter.com,520-388-3395,M620,Estrella,Wasmer,ewasmerh7@hatena.ne.jp,279-798-0599,F621,Justina,Blaszczynski,jblaszczynskih8@cargocollective.com,133-406-8865,F622,Smith,Niven,snivenh9@bloomberg.com,545-237-5902,M623,Jaime,Jarritt,jjarrittha@sina.com.cn,704-747-4114,F624,Franchot,Fishlock,ffishlockhb@google.pl,391-512-6036,F625,Catriona,Chalkly,cchalklyhc@foxnews.com,575-876-3393,M626,Wolf,Brizell,wbrizellhd@biblegateway.com,533-108-7682,F627,Janela,Blakemore,jblakemorehe@cloudflare.com,714-349-4484,F628,Israel,Angliss,ianglisshf@etsy.com,274-157-6482,M629,Andras,Naylor,anaylorhg@smh.com.au,984-708-3842,M630,Sax,Mersh,smershhh@quantcast.com,661-635-7857,F631,Jarid,Simonett,jsimonetthi@merriam-webster.com,319-638-1021,M632,Hilliary,Isakowicz,hisakowiczhj@who.int,883-919-4574,F633,Quillan,Riding,qridinghk@soup.io,434-355-6633,F634,Klaus,Arnison,karnisonhl@cocolog-nifty.com,598-420-2169,F635,Rudd,Critch,rcritchhm@oracle.com,888-606-1911,M636,Lorant,Goundrill,lgoundrillhn@independent.co.uk,123-402-7256,F637,Prentiss,Ginner,pginnerho@cmu.edu,105-217-4693,M638,Licha,Alfonsetti,lalfonsettihp@w3.org,919-935-9883,M639,Pebrook,Blissitt,pblissitthq@geocities.com,607-577-5528,M640,Jarid,Letchford,jletchfordhr@patch.com,871-402-7659,F641,Decca,Tuckwood,dtuckwoodhs@elpais.com,266-623-7035,M642,Silvie,Grand,sgrandht@biglobe.ne.jp,332-282-1186,F643,Karen,Savins,ksavinshu@example.com,653-105-8725,F644,Maurene,Ricardo,mricardohv@apache.org,161-599-1168,F645,Shamus,MacGuiness,smacguinesshw@fotki.com,994-155-1605,F646,Mercedes,Spinozzi,mspinozzihx@dell.com,955-896-6299,M647,Dedie,Labbe,dlabbehy@cargocollective.com,435-959-6303,M648,Teddy,Padden,tpaddenhz@ow.ly,955-612-8819,F649,Martin,Belden,mbeldeni0@businessinsider.com,223-354-3003,M650,Sandy,Huddle,shuddlei1@webmd.com,418-173-1813,F651,Kele,De Caroli,kdecarolii2@huffingtonpost.com,416-770-7626,M652,Amabel,Zealy,azealyi3@youku.com,410-429-8875,F653,Idaline,Nannetti,inannettii4@icio.us,616-520-1201,M654,Aleece,Mateos,amateosi5@newsvine.com,495-810-5963,M655,Andrej,Parnham,aparnhami6@wiley.com,399-815-4300,F656,Karia,Aiston,kaistoni7@bbb.org,185-855-2147,M657,Karie,Elsworth,kelsworthi8@simplemachines.org,534-158-1381,M658,Laraine,Andreopolos,landreopolosi9@msn.com,836-613-0725,F659,Emile,Housley,ehousleyia@unesco.org,815-882-1786,M660,Ezekiel,Winsiowiecki,ewinsiowieckiib@mtv.com,111-909-1711,M661,Doria,Goathrop,dgoathropic@weebly.com,969-395-7234,M662,Hillary,Himpson,hhimpsonid@xrea.com,850-292-3724,F663,Leanora,Showell,lshowellie@blogs.com,636-874-4814,F664,Harlie,Mohun,hmohunif@flavors.me,892-599-6131,F665,Olia,Timms,otimmsig@histats.com,461-541-6649,F666,Theressa,MacNulty,tmacnultyih@squarespace.com,528-415-1664,M667,Rayshell,Fleetham,rfleethamii@usgs.gov,197-110-8361,F668,Layne,Aysik,laysikij@exblog.jp,645-976-3972,F669,Amalita,Withey,awitheyik@addthis.com,883-810-0311,M670,Anton,Buckwell,abuckwellil@vkontakte.ru,885-641-3293,M671,Mattie,Mawdsley,mmawdsleyim@hc360.com,664-715-0641,F672,Isabelita,Sisse,isissein@amazonaws.com,967-900-9934,M673,Arlinda,Lober,aloberio@163.com,839-239-1785,M674,Hussein,Gammet,hgammetip@macromedia.com,369-835-6154,M675,Gusty,Cleaton,gcleatoniq@tmall.com,103-782-9803,F676,Felicio,Insull,finsullir@networksolutions.com,760-548-0851,M677,Trude,Mattsson,tmattssonis@sphinn.com,526-858-8405,M678,Kahlil,Boule,kbouleit@google.co.jp,578-921-2212,F679,Marianna,Crisp,mcrispiu@squidoo.com,640-706-7015,M680,Terrill,Duchateau,tduchateauiv@dot.gov,712-776-4055,M681,Cherish,Alphege,calphegeiw@w3.org,291-173-2791,M682,Jacobo,Gullen,jgullenix@dailymotion.com,896-103-7957,F683,Immanuel,Apthorpe,iapthorpeiy@goo.ne.jp,465-918-3359,F684,Morgana,Hinz,mhinziz@huffingtonpost.com,506-612-6462,M685,Kally,Skeggs,kskeggsj0@foxnews.com,210-344-7002,M686,Northrup,Normand,nnormandj1@discuz.net,691-396-9042,F687,Cointon,Bowker,cbowkerj2@mozilla.com,369-531-1072,M688,Niel,Cornhill,ncornhillj3@google.ru,891-991-3422,F689,Corie,Tillard,ctillardj4@nasa.gov,916-939-0091,F690,Dolorita,Feacham,dfeachamj5@hostgator.com,254-226-9267,F691,Ganny,Butlin,gbutlinj6@marriott.com,987-186-9417,M692,Benedict,Hollindale,bhollindalej7@sphinn.com,301-467-4907,F693,Ethelred,Scirman,escirmanj8@myspace.com,974-261-1546,M694,Garner,Dany,gdanyj9@livejournal.com,751-197-7523,F695,Kipper,Restall,krestallja@time.com,882-880-8359,M696,Lianna,Geelan,lgeelanjb@archive.org,857-542-6695,M697,Laure,Dubique,ldubiquejc@google.com.hk,972-585-9369,M698,Kandace,Glenwright,kglenwrightjd@springer.com,441-529-5456,F699,Gerrard,Tarbox,gtarboxje@liveinternet.ru,879-709-3696,M700,Dell,Bleackley,dbleackleyjf@twitpic.com,874-885-9551,F701,Thebault,Rowlett,trowlettjg@google.pl,752-801-4729,F702,Isahella,Poulden,ipouldenjh@walmart.com,194-314-7144,M703,Nickolai,Hooban,nhoobanji@wufoo.com,903-384-6359,M704,Fraze,Pashba,fpashbajj@elegantthemes.com,140-564-8912,F705,Norman,Dedrick,ndedrickjk@ed.gov,161-712-7879,F706,Akim,Godwin,agodwinjl@adobe.com,436-791-4068,M707,Granthem,Brimman,gbrimmanjm@ed.gov,797-629-3100,F708,Kermy,Nassy,knassyjn@flavors.me,938-364-7329,M709,Lexy,Hogbourne,lhogbournejo@usda.gov,744-305-2317,M710,Avictor,Paprotny,apaprotnyjp@g.co,591-613-6081,M711,Rollo,Daintith,rdaintithjq@sciencedirect.com,747-680-9231,M712,Ashlen,McPhate,amcphatejr@twitpic.com,892-540-1483,M713,Adrienne,Eglise,aeglisejs@craigslist.org,210-611-5914,F714,Lawry,Kaszper,lkaszperjt@redcross.org,359-934-0895,F715,Wilona,Bradforth,wbradforthju@sogou.com,564-921-4990,F716,Neddy,Vass,nvassjv@webeden.co.uk,907-566-9570,F717,Abeu,Desmond,adesmondjw@yale.edu,273-673-8821,F718,Saul,Babon,sbabonjx@cocolog-nifty.com,565-568-0731,M719,Eldin,Bowdon,ebowdonjy@virginia.edu,733-863-1935,M720,Kym,Menham,kmenhamjz@sciencedirect.com,451-158-3732,F721,Letty,Spurling,lspurlingk0@seesaa.net,178-884-3556,F722,Chucho,Touret,ctouretk1@paginegialle.it,195-181-8525,F723,Brenden,Stanman,bstanmank2@jimdo.com,217-116-6975,M724,Kerk,Joska,kjoskak3@admin.ch,750-325-0939,M725,Enoch,Maasze,emaaszek4@nydailynews.com,920-169-8619,M726,Guglielmo,Borley,gborleyk5@51.la,264-982-9385,F727,Bibi,Timoney,btimoneyk6@yellowbook.com,249-176-9402,F728,Glynda,Giacopazzi,ggiacopazzik7@rambler.ru,396-254-2821,F729,Fidel,Amies,famiesk8@topsy.com,630-793-6547,M730,Norry,Indgs,nindgsk9@webmd.com,545-746-4156,F731,Imogen,Peperell,ipeperellka@nifty.com,596-574-7622,F732,June,O'Bruen,jobruenkb@examiner.com,565-185-6402,F733,Ariadne,Summerley,asummerleykc@google.com.hk,158-870-1961,M734,Isidoro,Ludlem,iludlemkd@shutterfly.com,295-274-0804,M735,Merry,Packer,mpackerke@uiuc.edu,997-165-0440,F736,Haven,Stiebler,hstieblerkf@ezinearticles.com,553-242-6876,M737,Charlotta,Gottschalk,cgottschalkkg@unc.edu,666-813-7862,M738,Tybi,Pagett,tpagettkh@reverbnation.com,553-902-3170,M739,Niki,Wise,nwiseki@youku.com,540-754-5666,F740,Trix,Powter,tpowterkj@yellowbook.com,265-716-8820,F741,Antonius,Westmarland,awestmarlandkk@ucoz.ru,880-445-6551,M742,Annabela,Pottell,apottellkl@cdbaby.com,302-929-5898,F743,Deanne,Imlen,dimlenkm@pen.io,959-676-3517,M744,Laird,Yakobowitch,lyakobowitchkn@hugedomains.com,307-782-7829,F745,Rochester,Heading,rheadingko@chronoengine.com,612-875-7210,M746,Katherina,Westhead,kwestheadkp@cnet.com,216-216-2778,F747,Glynnis,Chatelot,gchatelotkq@reddit.com,132-405-5282,M748,Salome,Kondratenko,skondratenkokr@toplist.cz,288-266-2231,F749,Ellery,Ingrem,eingremks@wufoo.com,787-357-6071,F750,Penelope,Lysons,plysonskt@cisco.com,918-977-0452,F751,Glyn,Ormerod,gormerodku@4shared.com,747-381-6863,F752,Nikolaos,Andree,nandreekv@theguardian.com,453-191-1960,F753,Terri,Cullin,tcullinkw@google.nl,308-685-6979,F754,Matilda,Dallas,mdallaskx@usnews.com,690-961-0328,F755,Aurie,Bryson,abrysonky@spotify.com,580-664-9007,F756,Angeli,Spurrior,aspurriorkz@wufoo.com,421-788-8191,F757,Britt,Davidofski,bdavidofskil0@yolasite.com,371-831-9870,F758,Phillida,Waszczyk,pwaszczykl1@walmart.com,565-375-5346,M759,Somerset,Baford,sbafordl2@booking.com,195-168-3941,F760,Osmond,Diego,odiegol3@squarespace.com,400-751-9778,M761,Tabby,Winterbottom,twinterbottoml4@booking.com,112-930-9622,F762,Adam,Rust,arustl5@purevolume.com,311-389-7130,M763,Deerdre,Gauson,dgausonl6@msn.com,136-727-6982,M764,Jacobo,Halligan,jhalliganl7@earthlink.net,790-142-5147,M765,Ange,Boller,abollerl8@goo.gl,151-581-3490,M766,Marion,Robert,mrobertl9@feedburner.com,251-404-5482,F767,Gar,Laughlan,glaughlanla@senate.gov,212-272-7886,M768,Lonnie,Oiller,loillerlb@cornell.edu,819-388-1827,F769,Chicky,Crim,ccrimlc@usatoday.com,754-474-4865,F770,Constantine,Doutch,cdoutchld@hp.com,620-397-6173,M771,Ludovika,Spackman,lspackmanle@nature.com,704-147-9126,F772,Chrysa,Tonsley,ctonsleylf@creativecommons.org,770-716-2906,M773,Alexander,Duester,aduesterlg@cloudflare.com,948-117-7591,F774,Valentia,Cherrett,vcherrettlh@spiegel.de,713-991-9642,F775,Rog,Tondeur,rtondeurli@taobao.com,364-446-2454,F776,Ring,Barrett,rbarrettlj@wikispaces.com,230-490-8786,F777,Cob,Keyzman,ckeyzmanlk@feedburner.com,107-523-0613,F778,Gregoire,Kindle,gkindlell@shutterfly.com,890-331-8797,F779,Verna,Valentine,vvalentinelm@artisteer.com,159-734-4772,F780,Gun,Dmitrovic,gdmitrovicln@devhub.com,606-678-2563,M781,Guglielmo,O'Hone,gohonelo@bbb.org,654-443-6279,F782,Eddy,Shivlin,eshivlinlp@fc2.com,231-870-9012,F783,Kynthia,Jenckes,kjenckeslq@google.com.br,107-731-7237,M784,Leopold,Emmanueli,lemmanuelilr@mysql.com,688-318-6105,M785,Audra,Giorgetti,agiorgettils@youku.com,785-242-5453,M786,Fin,Gianiello,fgianiellolt@mail.ru,795-700-9067,F787,Isidor,Wallicker,iwallickerlu@europa.eu,234-255-1447,F788,Armando,Gerrans,agerranslv@paginegialle.it,722-349-7998,M789,Ofilia,Bruineman,obruinemanlw@blinklist.com,334-553-7894,M790,Paolo,Claye,pclayelx@cisco.com,542-769-2391,M791,Patsy,Legonidec,plegonidecly@yandex.ru,672-641-1797,F792,Verney,Richardsson,vrichardssonlz@pinterest.com,528-772-8122,F793,Terrijo,Arpe,tarpem0@stanford.edu,594-602-7610,F794,Cody,Wolstenholme,cwolstenholmem1@epa.gov,907-328-4676,F795,Ellis,Jirus,ejirusm2@oaic.gov.au,373-398-9622,M796,Celene,Wingrove,cwingrovem3@simplemachines.org,418-850-7865,F797,Tedda,Fellowes,tfellowesm4@chronoengine.com,527-457-7596,M798,Eirena,Pollie,epolliem5@angelfire.com,961-266-8873,M799,Octavia,Raxworthy,oraxworthym6@domainmarket.com,533-301-6064,F800,Erinn,Offiler,eoffilerm7@typepad.com,570-851-9889,M801,Marillin,Farrants,mfarrantsm8@scribd.com,190-568-9807,F802,Violetta,Pierce,vpiercem9@youtu.be,339-837-8511,F803,Dalis,Tiler,dtilerma@prlog.org,246-819-1555,M804,Lola,Braunthal,lbraunthalmb@columbia.edu,334-798-4338,M805,Rachele,Syseland,rsyselandmc@infoseek.co.jp,137-211-2968,F806,Shaylynn,Dodell,sdodellmd@time.com,807-505-0024,M807,Amandy,Hands,ahandsme@hc360.com,682-907-3778,M808,Dita,Bannister,dbannistermf@163.com,104-226-3449,M809,Randell,Camble,rcamblemg@geocities.jp,415-135-9931,M810,Gertruda,Mochar,gmocharmh@deviantart.com,785-166-8313,M811,Rodrique,Bergin,rberginmi@huffingtonpost.com,480-211-4414,F812,Kendricks,Lack,klackmj@xing.com,500-520-1929,M813,Valaria,Burfoot,vburfootmk@bandcamp.com,387-290-6896,M814,Jorey,Rigney,jrigneyml@cnet.com,668-627-5297,M815,Gerek,Sizland,gsizlandmm@vk.com,276-257-4512,M816,Wain,Kytley,wkytleymn@techcrunch.com,485-715-2246,M817,Aarika,Anstice,aansticemo@cpanel.net,933-183-8258,M818,Dolli,Meredith,dmeredithmp@taobao.com,131-348-7898,F819,Katalin,Spellman,kspellmanmq@reddit.com,732-735-6907,F820,Aldo,Tradewell,atradewellmr@shinystat.com,196-783-9699,F821,Josh,Twamley,jtwamleyms@arstechnica.com,130-152-7252,M822,Brett,Marson,bmarsonmt@storify.com,962-221-4446,F823,Sarena,Butting,sbuttingmu@live.com,172-419-1978,F824,Gennie,Matzke,gmatzkemv@furl.net,156-199-7834,M825,Malvin,Knewstubb,mknewstubbmw@cpanel.net,396-635-8888,F826,Corrianne,Cardenas,ccardenasmx@freewebs.com,191-124-7720,M827,Bond,Jonson,bjonsonmy@tamu.edu,883-569-7356,M828,Chris,Waliszewski,cwaliszewskimz@imgur.com,663-742-1803,M829,Ronalda,Mabbe,rmabben0@noaa.gov,953-148-2739,M830,Grace,McGeady,gmcgeadyn1@umich.edu,151-345-6910,M831,Broddy,Lob,blobn2@studiopress.com,148-127-6931,F832,Ryann,Froud,rfroudn3@mail.ru,390-990-9542,F833,Seth,Banford,sbanfordn4@state.tx.us,713-280-7539,F834,Fredric,Jorgensen,fjorgensenn5@eventbrite.com,252-579-5363,F835,Chucho,Bollum,cbollumn6@webs.com,443-633-2337,F836,Vilma,MacCrosson,vmaccrossonn7@opera.com,198-260-7774,F837,Kent,Coggill,kcoggilln8@springer.com,210-353-4160,M838,Morna,Mirfin,mmirfinn9@epa.gov,244-930-5734,M839,Yehudi,Streatfield,ystreatfieldna@earthlink.net,246-592-9285,F840,Kyle,Whebell,kwhebellnb@fda.gov,865-298-0464,M841,Genna,McKinna,gmckinnanc@list-manage.com,422-202-8507,F842,Cecil,O'Moylane,comoylanend@google.co.uk,527-465-5173,F843,Lonnard,Sultana,lsultanane@independent.co.uk,240-650-1743,M844,Gunner,Verheyden,gverheydennf@forbes.com,432-397-5497,M845,Conni,Ickovici,cickovicing@i2i.jp,850-636-6213,F846,Evan,Wyson,ewysonnh@youku.com,869-665-3231,M847,Charin,MacKinnon,cmackinnonni@spiegel.de,260-514-6701,F848,Lora,Clinnick,lclinnicknj@xinhuanet.com,594-546-1075,M849,Page,Brandenburg,pbrandenburgnk@cnn.com,729-212-8934,F850,Germayne,Lenard,glenardnl@twitpic.com,866-333-0411,M851,Sergeant,Fylan,sfylannm@discuz.net,964-828-1973,F852,Bevvy,Beric,bbericnn@usnews.com,993-438-6328,M853,Herminia,Goodridge,hgoodridgeno@wufoo.com,173-796-3271,M854,Guillaume,Bottby,gbottbynp@discuz.net,816-339-4523,M855,Jordan,Wilstead,jwilsteadnq@upenn.edu,701-745-4806,F856,Alonso,Whyteman,awhytemannr@behance.net,793-761-7800,M857,Lilla,Ribchester,lribchesterns@xinhuanet.com,350-429-4894,M858,Joleen,Riba,jribant@ftc.gov,709-833-9350,M859,Truda,Whaplington,twhaplingtonnu@columbia.edu,534-360-9522,F860,Cosmo,Thireau,cthireaunv@usatoday.com,907-665-7349,M861,Nedi,Lawie,nlawienw@stanford.edu,170-166-9993,F862,Wendall,Iacobassi,wiacobassinx@usda.gov,554-172-1323,F863,Jodee,Sheraton,jsheratonny@msu.edu,366-546-9213,M864,Mag,Beeston,mbeestonnz@businessweek.com,481-978-8150,F865,Lindsay,Selkirk,lselkirko0@digg.com,197-619-4709,F866,Paolina,Bachnic,pbachnico1@businesswire.com,937-388-5112,F867,Edi,Saul,esaulo2@uiuc.edu,740-449-0645,F868,Alisa,Stidston,astidstono3@homestead.com,587-457-3464,F869,Diandra,Pickle,dpickleo4@taobao.com,334-478-6099,M870,Charissa,Shimmin,cshimmino5@nps.gov,708-205-3695,F871,Carilyn,Hartwright,chartwrighto6@shutterfly.com,112-267-0057,F872,Dolf,Boothman,dboothmano7@xinhuanet.com,428-905-3666,M873,Hadlee,Elwyn,helwyno8@godaddy.com,155-618-0411,M874,Oran,Rantoul,orantoulo9@tinypic.com,882-419-9575,M875,Elia,Bere,ebereoa@slideshare.net,446-283-3356,M876,Rebekkah,Whaley,rwhaleyob@gravatar.com,454-968-0287,F877,Baird,Huddleston,bhuddlestonoc@topsy.com,691-457-8849,M878,Welsh,Oxborough,woxboroughod@bloomberg.com,680-888-9747,M879,Kahlil,Leaves,kleavesoe@reuters.com,454-288-0478,F880,Jerrilyn,Gateman,jgatemanof@51.la,805-522-2729,M881,Ailsun,Fumagallo,afumagalloog@bloglines.com,278-470-2709,F882,Lothaire,Fulger,lfulgeroh@wsj.com,851-468-3451,F883,Juliette,Elwyn,jelwynoi@washingtonpost.com,167-791-2727,M884,Charlot,Pfleger,cpflegeroj@hud.gov,333-822-0654,F885,Gipsy,Martinson,gmartinsonok@comcast.net,679-963-4886,F886,Ed,Yacob,eyacobol@wikipedia.org,239-104-8343,M887,Belia,Grzelczak,bgrzelczakom@ca.gov,170-734-8494,F888,Des,Averall,daverallon@merriam-webster.com,890-900-0034,M889,Tyler,Swinnerton,tswinnertonoo@shinystat.com,398-351-8514,F890,Charo,Surman-Wells,csurmanwellsop@spotify.com,357-919-6662,F891,Giralda,Edwin,gedwinoq@smugmug.com,857-326-6358,F892,Prudy,Livens,plivensor@reuters.com,852-968-9838,M893,Ingrid,Boulden,ibouldenos@goodreads.com,411-910-3734,M894,Deena,Hearnaman,dhearnamanot@google.co.jp,428-972-5598,M895,Rachelle,Regorz,rregorzou@biglobe.ne.jp,679-913-1381,F896,Cathie,Dewis,cdewisov@craigslist.org,842-140-9607,F897,Whitby,Vincent,wvincentow@economist.com,848-268-3603,M898,Claudius,Futty,cfuttyox@businessinsider.com,834-481-3347,M899,Kevyn,Minchinton,kminchintonoy@aboutads.info,947-139-3427,M900,Timi,Bustard,tbustardoz@microsoft.com,674-288-9401,F901,Jaime,Quye,jquyep0@ow.ly,731-417-9696,F902,Lucais,Jeandeau,ljeandeaup1@yahoo.co.jp,366-567-3999,F903,Carry,Martschke,cmartschkep2@purevolume.com,791-604-8776,M904,Teodoro,Oakey,toakeyp3@dailymotion.com,115-656-2938,F905,Ros,McCleary,rmcclearyp4@yelp.com,433-347-8536,M906,Johna,Elph,jelphp5@shutterfly.com,366-226-4456,F907,Phylys,Awde,pawdep6@studiopress.com,865-487-2282,M908,Saba,Budden,sbuddenp7@twitter.com,761-751-8610,F909,Mercedes,Brede,mbredep8@wix.com,404-500-7157,F910,Simon,Steaning,ssteaningp9@google.com.hk,790-247-2272,F911,Vittorio,Jeanequin,vjeanequinpa@aol.com,831-471-5392,M912,Sammy,Mitcham,smitchampb@ibm.com,615-172-9574,F913,Hana,Blaney,hblaneypc@addtoany.com,832-848-3168,M914,Cati,Wrotham,cwrothampd@cbslocal.com,831-576-7853,M915,Melvyn,Jiroudek,mjiroudekpe@hud.gov,803-302-6003,F916,Leoline,Tommasetti,ltommasettipf@cafepress.com,726-871-7716,M917,Butch,Linnitt,blinnittpg@boston.com,332-860-0130,M918,Lincoln,Kingscott,lkingscottph@cargocollective.com,150-847-9347,F919,Pavla,Southam,psouthampi@wsj.com,837-483-4824,F920,Kristin,Tong,ktongpj@123-reg.co.uk,212-293-2999,F921,Aime,Bunhill,abunhillpk@fda.gov,586-200-1044,M922,Clerkclaude,Tackell,ctackellpl@nymag.com,227-690-7258,M923,Aloisia,Templeton,atempletonpm@free.fr,794-591-7184,M924,Maureen,James,mjamespn@printfriendly.com,744-695-2009,F925,Esmeralda,deKnevet,edeknevetpo@over-blog.com,561-351-7074,F926,Annabel,Haffner,ahaffnerpp@statcounter.com,273-244-4302,M927,Teodor,Just,tjustpq@plala.or.jp,102-946-4759,F928,Sascha,Cassidy,scassidypr@microsoft.com,790-252-8561,M929,Lucretia,Cogger,lcoggerps@i2i.jp,914-467-1358,M930,Selena,Roizin,sroizinpt@blogtalkradio.com,845-333-8131,F931,Clarinda,Bransdon,cbransdonpu@nba.com,336-515-7463,M932,Margarette,Karlsson,mkarlssonpv@bbc.co.uk,727-144-2928,M933,Naomi,Graeber,ngraeberpw@vistaprint.com,424-855-0203,M934,Susannah,Paulisch,spaulischpx@nps.gov,202-454-9080,M935,Annabel,Fer,aferpy@va.gov,601-584-5960,M936,Jeffie,Brixham,jbrixhampz@zimbio.com,999-233-6517,M937,Bancroft,Allone,balloneq0@npr.org,721-800-5836,F938,Zerk,Loudiane,zloudianeq1@senate.gov,745-466-3718,F939,Orville,Oaks,ooaksq2@ox.ac.uk,361-531-4300,F940,Doreen,Houlson,dhoulsonq3@tripod.com,859-596-1923,F941,Gerry,Lardnar,glardnarq4@dedecms.com,358-689-7801,M942,Eduardo,Malser,emalserq5@msn.com,336-903-0263,M943,Tiffany,Hender,thenderq6@nasa.gov,515-792-7761,F944,Ginevra,Vankov,gvankovq7@weibo.com,494-390-2487,F945,Fee,Girardin,fgirardinq8@naver.com,580-249-4168,M946,Hayden,Shurman,hshurmanq9@fema.gov,643-275-6806,F947,Gregg,Wharram,gwharramqa@amazon.de,321-804-2074,F948,Jodee,Slowly,jslowlyqb@dropbox.com,870-925-8116,M949,Catlaina,Yarham,cyarhamqc@europa.eu,644-930-6642,M950,Hadley,Semkins,hsemkinsqd@mediafire.com,643-895-3093,M951,Tripp,Pye,tpyeqe@hugedomains.com,405-275-7958,F952,Cazzie,Ringrose,cringroseqf@dyndns.org,185-844-8951,F953,Deana,Pechold,dpecholdqg@acquirethisname.com,962-702-5082,M954,Crawford,Scholig,cscholigqh@java.com,991-898-0314,F955,Grace,Andrys,gandrysqi@pbs.org,975-445-5280,M956,Sebastien,Kinghorn,skinghornqj@tmall.com,584-158-8961,M957,Ardyth,Coole,acooleqk@who.int,455-268-1463,F958,Albina,Rustich,arustichql@discovery.com,760-772-4213,F959,Neale,Bissill,nbissillqm@howstuffworks.com,558-470-5748,M960,Mimi,Ibbett,mibbettqn@si.edu,398-975-3284,M961,Arni,Skitral,askitralqo@sitemeter.com,850-909-1526,F962,Laurianne,Haking,lhakingqp@merriam-webster.com,868-255-2375,F963,Tyne,Kiss,tkissqq@europa.eu,615-614-5477,M964,Bartlett,O'Cahsedy,bocahsedyqr@miibeian.gov.cn,150-365-8360,F965,Abra,Gomersal,agomersalqs@csmonitor.com,548-807-9060,F966,Gery,Crasswell,gcrasswellqt@si.edu,315-160-2672,F967,Corry,Tuckley,ctuckleyqu@google.de,234-358-5405,M968,Kipper,Moralee,kmoraleeqv@odnoklassniki.ru,481-460-6493,M969,Olivero,Forshaw,oforshawqw@addtoany.com,248-749-7718,F970,Mitch,Feenan,mfeenanqx@oakley.com,577-339-2361,M971,Pattin,Cullivan,pcullivanqy@bluehost.com,952-389-6937,M972,Aggi,Ghirigori,aghirigoriqz@list-manage.com,863-296-1637,F973,Orren,Milkin,omilkinr0@miibeian.gov.cn,828-582-9482,F974,Siobhan,Owain,sowainr1@google.it,916-952-9730,M975,Hilary,Pollastro,hpollastror2@google.pl,565-342-5101,M976,Elvin,Higgoe,ehiggoer3@noaa.gov,497-622-4763,F977,Candide,Potes,cpotesr4@npr.org,736-986-5487,F978,Jenn,Snazle,jsnazler5@dailymotion.com,515-258-5730,M979,Cristi,Sommerville,csommerviller6@example.com,305-418-3958,F980,Gran,Hempel,ghempelr7@woothemes.com,114-528-1836,F981,Corrina,Elford,celfordr8@home.pl,953-683-2302,M982,Ellen,Meagh,emeaghr9@alibaba.com,465-586-1553,F983,Elisha,Eastgate,eeastgatera@reddit.com,991-735-1379,F984,Paton,Foley,pfoleyrb@lulu.com,915-214-3096,M985,Timothy,Facher,tfacherrc@princeton.edu,991-489-9496,F986,Katuscha,Whettleton,kwhettletonrd@deviantart.com,992-759-6172,M987,Whitaker,Thouless,wthoulessre@shinystat.com,763-356-9491,M988,Colin,Connal,cconnalrf@deliciousdays.com,333-503-4471,M989,Barth,Langshaw,blangshawrg@msu.edu,544-705-5408,M990,Hadley,Stading,hstadingrh@squarespace.com,752-232-3845,F991,Forester,Van Zon,fvanzonri@theguardian.com,122-370-1034,M992,Alexio,Merigon,amerigonrj@free.fr,339-984-9850,F993,Vaughan,Handrahan,vhandrahanrk@reverbnation.com,336-459-4429,F994,Thornie,Cookson,tcooksonrl@google.com.au,284-579-6274,M995,Herschel,Epps,heppsrm@smugmug.com,745-870-3315,M996,Lia,Moorrud,lmoorrudrn@51.la,919-758-1181,M997,Katey,Phelan,kphelanro@dell.com,124-652-2380,F998,Maury,Newlands,mnewlandsrp@opensource.org,194-593-0180,M999,Lyn,Cleverley,lcleverleyrq@yellowpages.com,826-657-1323,M1000,Charmain,Catonne,ccatonnerr@ezinearticles.com,515-954-0224,M
